site,year,month,day,time,dataset,file
bozeman,2015,8,17,120007,training,bozeman_2015_08_17_120007.jpg
bozeman,2015,8,18,120006,training,bozeman_2015_08_18_120006.jpg
bozeman,2015,8,19,120007,training,bozeman_2015_08_19_120007.jpg
bozeman,2015,8,20,120008,training,bozeman_2015_08_20_120008.jpg
bozeman,2015,8,21,120008,training,bozeman_2015_08_21_120008.jpg
bozeman,2015,8,22,120005,training,bozeman_2015_08_22_120005.jpg
bozeman,2015,8,23,120007,training,bozeman_2015_08_23_120007.jpg
bozeman,2015,8,24,120007,training,bozeman_2015_08_24_120007.jpg
bozeman,2015,8,25,120006,training,bozeman_2015_08_25_120006.jpg
bozeman,2015,8,26,120008,training,bozeman_2015_08_26_120008.jpg
bozeman,2015,8,27,120005,training,bozeman_2015_08_27_120005.jpg
bozeman,2015,8,28,120007,training,bozeman_2015_08_28_120007.jpg
bozeman,2015,8,29,120007,training,bozeman_2015_08_29_120007.jpg
bozeman,2015,8,30,120007,training,bozeman_2015_08_30_120007.jpg
bozeman,2015,8,31,120008,training,bozeman_2015_08_31_120008.jpg
bozeman,2015,9,1,120007,training,bozeman_2015_09_01_120007.jpg
bozeman,2015,9,2,120007,training,bozeman_2015_09_02_120007.jpg
bozeman,2015,9,3,120008,training,bozeman_2015_09_03_120008.jpg
bozeman,2015,9,4,120007,training,bozeman_2015_09_04_120007.jpg
bozeman,2015,9,5,120007,training,bozeman_2015_09_05_120007.jpg
bozeman,2015,9,6,120007,training,bozeman_2015_09_06_120007.jpg
bozeman,2015,9,7,120007,training,bozeman_2015_09_07_120007.jpg
bozeman,2015,9,8,120007,training,bozeman_2015_09_08_120007.jpg
bozeman,2015,9,9,120007,training,bozeman_2015_09_09_120007.jpg
bozeman,2015,9,10,120007,training,bozeman_2015_09_10_120007.jpg
bozeman,2015,9,11,120008,training,bozeman_2015_09_11_120008.jpg
bozeman,2015,9,12,120008,training,bozeman_2015_09_12_120008.jpg
bozeman,2015,9,13,120008,training,bozeman_2015_09_13_120008.jpg
bozeman,2015,9,14,120007,training,bozeman_2015_09_14_120007.jpg
bozeman,2015,9,15,120008,training,bozeman_2015_09_15_120008.jpg
bozeman,2015,9,16,120007,training,bozeman_2015_09_16_120007.jpg
bozeman,2015,9,17,120008,training,bozeman_2015_09_17_120008.jpg
bozeman,2015,9,18,120008,training,bozeman_2015_09_18_120008.jpg
bozeman,2015,9,19,120007,training,bozeman_2015_09_19_120007.jpg
bozeman,2015,9,20,120006,training,bozeman_2015_09_20_120006.jpg
bozeman,2015,9,21,120008,training,bozeman_2015_09_21_120008.jpg
bozeman,2015,9,22,120006,training,bozeman_2015_09_22_120006.jpg
bozeman,2015,9,23,120005,training,bozeman_2015_09_23_120005.jpg
bozeman,2015,9,24,120008,training,bozeman_2015_09_24_120008.jpg
bozeman,2015,9,25,120007,training,bozeman_2015_09_25_120007.jpg
bozeman,2015,9,26,120008,training,bozeman_2015_09_26_120008.jpg
bozeman,2015,9,27,120007,training,bozeman_2015_09_27_120007.jpg
bozeman,2015,9,28,120008,training,bozeman_2015_09_28_120008.jpg
bozeman,2015,9,29,120009,training,bozeman_2015_09_29_120009.jpg
bozeman,2015,9,30,120007,training,bozeman_2015_09_30_120007.jpg
bozeman,2015,10,1,120008,training,bozeman_2015_10_01_120008.jpg
bozeman,2015,10,2,120007,training,bozeman_2015_10_02_120007.jpg
bozeman,2015,10,3,120005,training,bozeman_2015_10_03_120005.jpg
bozeman,2015,10,4,120008,training,bozeman_2015_10_04_120008.jpg
bozeman,2015,10,5,120006,training,bozeman_2015_10_05_120006.jpg
bozeman,2015,10,6,120010,training,bozeman_2015_10_06_120010.jpg
bozeman,2015,10,7,120007,training,bozeman_2015_10_07_120007.jpg
bozeman,2015,10,8,120008,training,bozeman_2015_10_08_120008.jpg
bozeman,2015,10,9,120008,training,bozeman_2015_10_09_120008.jpg
bozeman,2015,10,10,120007,training,bozeman_2015_10_10_120007.jpg
bozeman,2015,10,11,120007,training,bozeman_2015_10_11_120007.jpg
bozeman,2015,10,12,120009,training,bozeman_2015_10_12_120009.jpg
bozeman,2015,10,13,120008,training,bozeman_2015_10_13_120008.jpg
bozeman,2015,10,14,120006,training,bozeman_2015_10_14_120006.jpg
bozeman,2015,10,15,120009,training,bozeman_2015_10_15_120009.jpg
bozeman,2015,10,16,120009,training,bozeman_2015_10_16_120009.jpg
bozeman,2015,10,17,120007,training,bozeman_2015_10_17_120007.jpg
bozeman,2015,10,18,120008,training,bozeman_2015_10_18_120008.jpg
bozeman,2015,10,19,120008,training,bozeman_2015_10_19_120008.jpg
bozeman,2015,10,20,120008,training,bozeman_2015_10_20_120008.jpg
bozeman,2015,10,21,120008,training,bozeman_2015_10_21_120008.jpg
bozeman,2015,10,22,120008,training,bozeman_2015_10_22_120008.jpg
bozeman,2015,10,23,120008,training,bozeman_2015_10_23_120008.jpg
bozeman,2015,10,24,120005,training,bozeman_2015_10_24_120005.jpg
bozeman,2015,10,25,120008,training,bozeman_2015_10_25_120008.jpg
bozeman,2015,10,26,120008,training,bozeman_2015_10_26_120008.jpg
bozeman,2015,10,27,120009,training,bozeman_2015_10_27_120009.jpg
bozeman,2015,10,28,120008,training,bozeman_2015_10_28_120008.jpg
bozeman,2015,10,29,120007,training,bozeman_2015_10_29_120007.jpg
bozeman,2015,10,30,120007,training,bozeman_2015_10_30_120007.jpg
bozeman,2015,10,31,120008,training,bozeman_2015_10_31_120008.jpg
bozeman,2015,11,1,120010,training,bozeman_2015_11_01_120010.jpg
bozeman,2015,11,2,120007,training,bozeman_2015_11_02_120007.jpg
bozeman,2015,11,3,120005,training,bozeman_2015_11_03_120005.jpg
bozeman,2015,11,4,120006,training,bozeman_2015_11_04_120006.jpg
bozeman,2015,11,5,120008,training,bozeman_2015_11_05_120008.jpg
bozeman,2015,11,6,120006,training,bozeman_2015_11_06_120006.jpg
bozeman,2015,11,7,120007,training,bozeman_2015_11_07_120007.jpg
bozeman,2015,11,8,120005,training,bozeman_2015_11_08_120005.jpg
bozeman,2015,11,9,120007,training,bozeman_2015_11_09_120007.jpg
bozeman,2015,11,10,120008,training,bozeman_2015_11_10_120008.jpg
bozeman,2015,11,11,120007,training,bozeman_2015_11_11_120007.jpg
bozeman,2015,11,12,120008,training,bozeman_2015_11_12_120008.jpg
bozeman,2015,11,13,120006,training,bozeman_2015_11_13_120006.jpg
bozeman,2015,11,14,120007,training,bozeman_2015_11_14_120007.jpg
bozeman,2015,11,15,120008,training,bozeman_2015_11_15_120008.jpg
bozeman,2015,11,16,120007,training,bozeman_2015_11_16_120007.jpg
bozeman,2015,11,17,120008,training,bozeman_2015_11_17_120008.jpg
bozeman,2016,11,11,111805,training,bozeman_2016_11_11_111805.jpg
bozeman,2016,11,12,121850,training,bozeman_2016_11_12_121850.jpg
bozeman,2016,11,13,121805,training,bozeman_2016_11_13_121805.jpg
bozeman,2016,11,14,121806,training,bozeman_2016_11_14_121806.jpg
bozeman,2016,11,16,121807,training,bozeman_2016_11_16_121807.jpg
bozeman,2016,11,17,121806,training,bozeman_2016_11_17_121806.jpg
bozeman,2016,11,18,121805,training,bozeman_2016_11_18_121805.jpg
bozeman,2016,11,19,121806,training,bozeman_2016_11_19_121806.jpg
bozeman,2016,11,20,121806,training,bozeman_2016_11_20_121806.jpg
bozeman,2016,11,21,121807,training,bozeman_2016_11_21_121807.jpg
bozeman,2016,11,22,121805,training,bozeman_2016_11_22_121805.jpg
bozeman,2016,11,24,121807,training,bozeman_2016_11_24_121807.jpg
bozeman,2016,11,25,121806,training,bozeman_2016_11_25_121806.jpg
bozeman,2016,11,27,121805,training,bozeman_2016_11_27_121805.jpg
bozeman,2016,11,28,121805,training,bozeman_2016_11_28_121805.jpg
bozeman,2016,11,29,121805,training,bozeman_2016_11_29_121805.jpg
bozeman,2016,11,30,121806,training,bozeman_2016_11_30_121806.jpg
bozeman,2016,12,1,121805,training,bozeman_2016_12_01_121805.jpg
bozeman,2016,12,2,121806,training,bozeman_2016_12_02_121806.jpg
bozeman,2016,12,3,121805,training,bozeman_2016_12_03_121805.jpg
bozeman,2016,12,4,121806,training,bozeman_2016_12_04_121806.jpg
bozeman,2016,12,5,121806,training,bozeman_2016_12_05_121806.jpg
bozeman,2016,12,6,121806,training,bozeman_2016_12_06_121806.jpg
bozeman,2016,12,7,121807,training,bozeman_2016_12_07_121807.jpg
bozeman,2016,12,8,121805,training,bozeman_2016_12_08_121805.jpg
bozeman,2016,12,9,121806,training,bozeman_2016_12_09_121806.jpg
bozeman,2016,12,10,121805,training,bozeman_2016_12_10_121805.jpg
bozeman,2016,12,11,121806,training,bozeman_2016_12_11_121806.jpg
bozeman,2016,12,12,121805,training,bozeman_2016_12_12_121805.jpg
bozeman,2016,12,13,121806,training,bozeman_2016_12_13_121806.jpg
bozeman,2016,12,14,121806,training,bozeman_2016_12_14_121806.jpg
bozeman,2016,12,15,121806,training,bozeman_2016_12_15_121806.jpg
bozeman,2016,12,16,121806,training,bozeman_2016_12_16_121806.jpg
bozeman,2016,12,17,121806,training,bozeman_2016_12_17_121806.jpg
bozeman,2016,12,18,121806,training,bozeman_2016_12_18_121806.jpg
bozeman,2016,12,19,121806,training,bozeman_2016_12_19_121806.jpg
bozeman,2016,12,20,121806,training,bozeman_2016_12_20_121806.jpg
bozeman,2016,12,21,121806,training,bozeman_2016_12_21_121806.jpg
bozeman,2016,12,22,121806,training,bozeman_2016_12_22_121806.jpg
bozeman,2016,12,23,121806,training,bozeman_2016_12_23_121806.jpg
bozeman,2016,12,24,121806,training,bozeman_2016_12_24_121806.jpg
bozeman,2016,12,25,121805,training,bozeman_2016_12_25_121805.jpg
bozeman,2016,12,26,121806,training,bozeman_2016_12_26_121806.jpg
bozeman,2016,12,27,121806,training,bozeman_2016_12_27_121806.jpg
bozeman,2016,12,28,121806,training,bozeman_2016_12_28_121806.jpg
bozeman,2016,12,29,121806,training,bozeman_2016_12_29_121806.jpg
bozeman,2016,12,30,121806,training,bozeman_2016_12_30_121806.jpg
bozeman,2016,12,31,121805,training,bozeman_2016_12_31_121805.jpg
bozeman,2017,1,1,121806,training,bozeman_2017_01_01_121806.jpg
bozeman,2017,1,2,121806,training,bozeman_2017_01_02_121806.jpg
bozeman,2017,1,3,121806,training,bozeman_2017_01_03_121806.jpg
bozeman,2017,1,4,121806,training,bozeman_2017_01_04_121806.jpg
bozeman,2017,1,5,121806,training,bozeman_2017_01_05_121806.jpg
bozeman,2017,1,6,121806,training,bozeman_2017_01_06_121806.jpg
bozeman,2017,1,7,121806,training,bozeman_2017_01_07_121806.jpg
bozeman,2017,1,8,121806,training,bozeman_2017_01_08_121806.jpg
bozeman,2017,1,9,121806,training,bozeman_2017_01_09_121806.jpg
bozeman,2017,1,10,121806,training,bozeman_2017_01_10_121806.jpg
bozeman,2017,1,11,121806,training,bozeman_2017_01_11_121806.jpg
bozeman,2017,1,12,121806,training,bozeman_2017_01_12_121806.jpg
bozeman,2017,1,13,121806,training,bozeman_2017_01_13_121806.jpg
bozeman,2017,1,14,121806,training,bozeman_2017_01_14_121806.jpg
bozeman,2017,1,15,121806,training,bozeman_2017_01_15_121806.jpg
bozeman,2017,1,16,121806,training,bozeman_2017_01_16_121806.jpg
bozeman,2017,1,18,121806,training,bozeman_2017_01_18_121806.jpg
bozeman,2017,1,19,121806,training,bozeman_2017_01_19_121806.jpg
bozeman,2017,1,20,121806,training,bozeman_2017_01_20_121806.jpg
bozeman,2017,1,21,121806,training,bozeman_2017_01_21_121806.jpg
bozeman,2017,1,22,121806,training,bozeman_2017_01_22_121806.jpg
bozeman,2017,1,23,121806,training,bozeman_2017_01_23_121806.jpg
bozeman,2017,1,24,121806,training,bozeman_2017_01_24_121806.jpg
bozeman,2017,1,25,121806,training,bozeman_2017_01_25_121806.jpg
bozeman,2017,1,26,121806,training,bozeman_2017_01_26_121806.jpg
bozeman,2017,1,27,121806,training,bozeman_2017_01_27_121806.jpg
bozeman,2017,1,28,121806,training,bozeman_2017_01_28_121806.jpg
bozeman,2017,1,29,121806,training,bozeman_2017_01_29_121806.jpg
bozeman,2017,1,30,121806,training,bozeman_2017_01_30_121806.jpg
bozeman,2017,1,31,121806,training,bozeman_2017_01_31_121806.jpg
bozeman,2017,2,1,121806,training,bozeman_2017_02_01_121806.jpg
bozeman,2017,2,2,121806,training,bozeman_2017_02_02_121806.jpg
bozeman,2017,2,3,121806,training,bozeman_2017_02_03_121806.jpg
bozeman,2017,2,4,121805,training,bozeman_2017_02_04_121805.jpg
bozeman,2017,2,5,121806,training,bozeman_2017_02_05_121806.jpg
bozeman,2017,2,6,121806,training,bozeman_2017_02_06_121806.jpg
bozeman,2017,2,7,121806,training,bozeman_2017_02_07_121806.jpg
bozeman,2017,2,8,121806,training,bozeman_2017_02_08_121806.jpg
bozeman,2017,2,9,121806,training,bozeman_2017_02_09_121806.jpg
bozeman,2017,2,10,121806,training,bozeman_2017_02_10_121806.jpg
bozeman,2017,2,11,121806,training,bozeman_2017_02_11_121806.jpg
bozeman,2017,2,12,121806,training,bozeman_2017_02_12_121806.jpg
bozeman,2017,2,14,121806,training,bozeman_2017_02_14_121806.jpg
bozeman,2017,2,15,121806,training,bozeman_2017_02_15_121806.jpg
bozeman,2017,2,16,121806,training,bozeman_2017_02_16_121806.jpg
bozeman,2017,2,17,121806,training,bozeman_2017_02_17_121806.jpg
bozeman,2017,2,18,121806,training,bozeman_2017_02_18_121806.jpg
bozeman,2017,2,19,121806,training,bozeman_2017_02_19_121806.jpg
bozeman,2017,2,20,121806,training,bozeman_2017_02_20_121806.jpg
bozeman,2017,2,21,121806,training,bozeman_2017_02_21_121806.jpg
bozeman,2017,2,22,121806,training,bozeman_2017_02_22_121806.jpg
bozeman,2017,2,23,121806,training,bozeman_2017_02_23_121806.jpg
bozeman,2017,2,24,121806,training,bozeman_2017_02_24_121806.jpg
bozeman,2017,2,25,121806,training,bozeman_2017_02_25_121806.jpg
bozeman,2017,2,26,121806,training,bozeman_2017_02_26_121806.jpg
bozeman,2017,2,27,121806,training,bozeman_2017_02_27_121806.jpg
bozeman,2017,2,28,121805,training,bozeman_2017_02_28_121805.jpg
bozeman,2017,3,2,121806,training,bozeman_2017_03_02_121806.jpg
bozeman,2017,3,3,121806,training,bozeman_2017_03_03_121806.jpg
bozeman,2017,3,4,121806,training,bozeman_2017_03_04_121806.jpg
bozeman,2017,3,5,121806,training,bozeman_2017_03_05_121806.jpg
bozeman,2017,3,6,121806,training,bozeman_2017_03_06_121806.jpg
bozeman,2017,3,7,121806,training,bozeman_2017_03_07_121806.jpg
bozeman,2017,3,8,121806,training,bozeman_2017_03_08_121806.jpg
bozeman,2017,3,9,121806,training,bozeman_2017_03_09_121806.jpg
bozeman,2017,3,10,121806,training,bozeman_2017_03_10_121806.jpg
bozeman,2017,3,11,121806,training,bozeman_2017_03_11_121806.jpg
bozeman,2017,3,12,121806,training,bozeman_2017_03_12_121806.jpg
bozeman,2017,3,13,121806,training,bozeman_2017_03_13_121806.jpg
bozeman,2017,3,14,121806,training,bozeman_2017_03_14_121806.jpg
bozeman,2017,3,15,121806,training,bozeman_2017_03_15_121806.jpg
bozeman,2017,3,16,121806,training,bozeman_2017_03_16_121806.jpg
bozeman,2017,3,17,121806,training,bozeman_2017_03_17_121806.jpg
bozeman,2017,3,18,121806,training,bozeman_2017_03_18_121806.jpg
bozeman,2017,3,19,121806,training,bozeman_2017_03_19_121806.jpg
bozeman,2017,3,20,121806,training,bozeman_2017_03_20_121806.jpg
bozeman,2017,3,21,121806,training,bozeman_2017_03_21_121806.jpg
bozeman,2017,3,22,121806,training,bozeman_2017_03_22_121806.jpg
bozeman,2017,3,23,121806,training,bozeman_2017_03_23_121806.jpg
bozeman,2017,3,24,121806,training,bozeman_2017_03_24_121806.jpg
bozeman,2017,3,25,121805,training,bozeman_2017_03_25_121805.jpg
bozeman,2017,3,26,121806,training,bozeman_2017_03_26_121806.jpg
bozeman,2017,3,27,121806,training,bozeman_2017_03_27_121806.jpg
bozeman,2017,3,28,121806,training,bozeman_2017_03_28_121806.jpg
bozeman,2017,3,29,121806,training,bozeman_2017_03_29_121806.jpg
bozeman,2017,3,30,121806,training,bozeman_2017_03_30_121806.jpg
bozeman,2017,3,31,121806,training,bozeman_2017_03_31_121806.jpg
bozeman,2017,4,1,121806,training,bozeman_2017_04_01_121806.jpg
bozeman,2017,4,2,121805,training,bozeman_2017_04_02_121805.jpg
bozeman,2017,4,3,121806,training,bozeman_2017_04_03_121806.jpg
bozeman,2017,4,4,121806,training,bozeman_2017_04_04_121806.jpg
bozeman,2017,4,5,121806,training,bozeman_2017_04_05_121806.jpg
bozeman,2017,4,6,121805,training,bozeman_2017_04_06_121805.jpg
bozeman,2017,4,7,121806,training,bozeman_2017_04_07_121806.jpg
bozeman,2017,4,8,121806,training,bozeman_2017_04_08_121806.jpg
bozeman,2017,4,9,121805,training,bozeman_2017_04_09_121805.jpg
bozeman,2017,4,10,121806,training,bozeman_2017_04_10_121806.jpg
bozeman,2017,4,11,121806,training,bozeman_2017_04_11_121806.jpg
bozeman,2017,4,12,121806,training,bozeman_2017_04_12_121806.jpg
bozeman,2017,4,13,121806,training,bozeman_2017_04_13_121806.jpg
bozeman,2017,4,14,121806,training,bozeman_2017_04_14_121806.jpg
bozeman,2017,4,15,121806,training,bozeman_2017_04_15_121806.jpg
bozeman,2017,4,16,121806,training,bozeman_2017_04_16_121806.jpg
bozeman,2017,4,17,121806,training,bozeman_2017_04_17_121806.jpg
bozeman,2017,4,19,121806,training,bozeman_2017_04_19_121806.jpg
bozeman,2017,4,20,121806,training,bozeman_2017_04_20_121806.jpg
bozeman,2017,4,21,121806,training,bozeman_2017_04_21_121806.jpg
bozeman,2017,4,22,121806,training,bozeman_2017_04_22_121806.jpg
bozeman,2017,4,23,121806,training,bozeman_2017_04_23_121806.jpg
bozeman,2017,4,24,121806,training,bozeman_2017_04_24_121806.jpg
bozeman,2017,4,26,121806,training,bozeman_2017_04_26_121806.jpg
bozeman,2017,4,27,121806,training,bozeman_2017_04_27_121806.jpg
bozeman,2017,4,28,121806,training,bozeman_2017_04_28_121806.jpg
bozeman,2017,4,29,121806,training,bozeman_2017_04_29_121806.jpg
bozeman,2017,4,30,121806,training,bozeman_2017_04_30_121806.jpg
bozeman,2017,5,1,121806,training,bozeman_2017_05_01_121806.jpg
bozeman,2017,5,2,121806,training,bozeman_2017_05_02_121806.jpg
bozeman,2017,5,3,121806,training,bozeman_2017_05_03_121806.jpg
bozeman,2017,5,4,121806,training,bozeman_2017_05_04_121806.jpg
bozeman,2017,5,5,121806,training,bozeman_2017_05_05_121806.jpg
bozeman,2017,5,6,121806,training,bozeman_2017_05_06_121806.jpg
bozeman,2017,5,7,121806,training,bozeman_2017_05_07_121806.jpg
bozeman,2017,5,8,121806,training,bozeman_2017_05_08_121806.jpg
bozeman,2017,5,9,121806,training,bozeman_2017_05_09_121806.jpg
bozeman,2017,5,10,121806,training,bozeman_2017_05_10_121806.jpg
bozeman,2017,5,11,121806,training,bozeman_2017_05_11_121806.jpg
bozeman,2017,5,12,121806,training,bozeman_2017_05_12_121806.jpg
bozeman,2017,5,13,121806,training,bozeman_2017_05_13_121806.jpg
bozeman,2017,5,15,121806,training,bozeman_2017_05_15_121806.jpg
bozeman,2017,5,16,121806,training,bozeman_2017_05_16_121806.jpg
bozeman,2017,5,17,121806,training,bozeman_2017_05_17_121806.jpg
bozeman,2017,5,18,121806,training,bozeman_2017_05_18_121806.jpg
bozeman,2017,5,19,121806,training,bozeman_2017_05_19_121806.jpg
bozeman,2017,5,20,121806,training,bozeman_2017_05_20_121806.jpg
bozeman,2017,5,21,121806,training,bozeman_2017_05_21_121806.jpg
bozeman,2017,5,22,121806,training,bozeman_2017_05_22_121806.jpg
bozeman,2017,5,23,121806,training,bozeman_2017_05_23_121806.jpg
bozeman,2017,5,24,121806,training,bozeman_2017_05_24_121806.jpg
bozeman,2017,5,25,121806,training,bozeman_2017_05_25_121806.jpg
bozeman,2017,5,26,121806,training,bozeman_2017_05_26_121806.jpg
bozeman,2017,5,27,121806,training,bozeman_2017_05_27_121806.jpg
bozeman,2017,5,28,121806,training,bozeman_2017_05_28_121806.jpg
bozeman,2017,5,29,121806,training,bozeman_2017_05_29_121806.jpg
bozeman,2017,5,30,121806,training,bozeman_2017_05_30_121806.jpg
bozeman,2017,5,31,121806,training,bozeman_2017_05_31_121806.jpg
bozeman,2017,6,1,121806,training,bozeman_2017_06_01_121806.jpg
bozeman,2017,6,2,121806,training,bozeman_2017_06_02_121806.jpg
bozeman,2017,6,3,121806,training,bozeman_2017_06_03_121806.jpg
bozeman,2017,6,4,121806,training,bozeman_2017_06_04_121806.jpg
bozeman,2017,6,5,121806,training,bozeman_2017_06_05_121806.jpg
bozeman,2017,6,6,121806,training,bozeman_2017_06_06_121806.jpg
bozeman,2017,6,7,121806,training,bozeman_2017_06_07_121806.jpg
bozeman,2017,6,8,121806,training,bozeman_2017_06_08_121806.jpg
bozeman,2017,6,15,131805,training,bozeman_2017_06_15_131805.jpg
bozeman,2017,6,16,121806,training,bozeman_2017_06_16_121806.jpg
bozeman,2017,6,17,121806,training,bozeman_2017_06_17_121806.jpg
bozeman,2017,6,18,131805,training,bozeman_2017_06_18_131805.jpg
bozeman,2017,6,19,121806,training,bozeman_2017_06_19_121806.jpg
bozeman,2017,6,20,121806,training,bozeman_2017_06_20_121806.jpg
bozeman,2017,6,21,121806,training,bozeman_2017_06_21_121806.jpg
bozeman,2017,6,22,121806,training,bozeman_2017_06_22_121806.jpg
bozeman,2017,6,23,121806,training,bozeman_2017_06_23_121806.jpg
bozeman,2017,6,24,124806,training,bozeman_2017_06_24_124806.jpg
bozeman,2017,6,25,131805,training,bozeman_2017_06_25_131805.jpg
bozeman,2017,6,26,121806,training,bozeman_2017_06_26_121806.jpg
bozeman,2017,6,27,121806,training,bozeman_2017_06_27_121806.jpg
bozeman,2017,6,28,121806,training,bozeman_2017_06_28_121806.jpg
bozeman,2017,6,29,121806,training,bozeman_2017_06_29_121806.jpg
bozeman,2017,6,30,114805,training,bozeman_2017_06_30_114805.jpg
bozeman,2017,7,1,131805,training,bozeman_2017_07_01_131805.jpg
bozeman,2017,7,2,131805,training,bozeman_2017_07_02_131805.jpg
bozeman,2017,7,3,124805,training,bozeman_2017_07_03_124805.jpg
bozeman,2017,7,5,124805,training,bozeman_2017_07_05_124805.jpg
bozeman,2017,7,6,121806,training,bozeman_2017_07_06_121806.jpg
bozeman,2017,7,7,121806,training,bozeman_2017_07_07_121806.jpg
bozeman,2017,7,11,121806,training,bozeman_2017_07_11_121806.jpg
bozeman,2017,7,12,121806,training,bozeman_2017_07_12_121806.jpg
bozeman,2017,7,13,121806,training,bozeman_2017_07_13_121806.jpg
bozeman,2017,7,14,121806,training,bozeman_2017_07_14_121806.jpg
bozeman,2017,7,15,121806,training,bozeman_2017_07_15_121806.jpg
bozeman,2017,7,16,121806,training,bozeman_2017_07_16_121806.jpg
bozeman,2017,7,17,121806,training,bozeman_2017_07_17_121806.jpg
bozeman,2017,7,18,121806,training,bozeman_2017_07_18_121806.jpg
bozeman,2017,7,19,121806,training,bozeman_2017_07_19_121806.jpg
bozeman,2017,7,20,121806,training,bozeman_2017_07_20_121806.jpg
bozeman,2017,7,21,121806,training,bozeman_2017_07_21_121806.jpg
bozeman,2017,7,22,121806,training,bozeman_2017_07_22_121806.jpg
bozeman,2017,7,23,121806,training,bozeman_2017_07_23_121806.jpg
bozeman,2017,7,24,121806,training,bozeman_2017_07_24_121806.jpg
bozeman,2017,7,25,121806,training,bozeman_2017_07_25_121806.jpg
bozeman,2017,7,26,124805,training,bozeman_2017_07_26_124805.jpg
bozeman,2017,7,27,121806,training,bozeman_2017_07_27_121806.jpg
bozeman,2017,7,28,121806,training,bozeman_2017_07_28_121806.jpg
bozeman,2017,7,29,121806,training,bozeman_2017_07_29_121806.jpg
bozeman,2017,7,30,121806,training,bozeman_2017_07_30_121806.jpg
bozeman,2017,7,31,121806,training,bozeman_2017_07_31_121806.jpg
bozeman,2017,8,1,121806,training,bozeman_2017_08_01_121806.jpg
bozeman,2017,8,2,121806,training,bozeman_2017_08_02_121806.jpg
bozeman,2017,8,3,121806,training,bozeman_2017_08_03_121806.jpg
bozeman,2017,8,4,124805,training,bozeman_2017_08_04_124805.jpg
bozeman,2017,8,5,121806,training,bozeman_2017_08_05_121806.jpg
bozeman,2017,8,6,121806,training,bozeman_2017_08_06_121806.jpg
bozeman,2017,8,7,121806,training,bozeman_2017_08_07_121806.jpg
bozeman,2017,8,8,121806,training,bozeman_2017_08_08_121806.jpg
bozeman,2017,8,9,121806,training,bozeman_2017_08_09_121806.jpg
bozeman,2017,8,10,121806,training,bozeman_2017_08_10_121806.jpg
bozeman,2017,8,11,121806,training,bozeman_2017_08_11_121806.jpg
bozeman,2017,8,13,121806,training,bozeman_2017_08_13_121806.jpg
bozeman,2017,8,14,121806,training,bozeman_2017_08_14_121806.jpg
bozeman,2017,8,15,121806,training,bozeman_2017_08_15_121806.jpg
bozeman,2017,8,16,121806,training,bozeman_2017_08_16_121806.jpg
bozeman,2017,8,17,121806,training,bozeman_2017_08_17_121806.jpg
bozeman,2017,8,18,121806,training,bozeman_2017_08_18_121806.jpg
bozeman,2017,8,19,121806,training,bozeman_2017_08_19_121806.jpg
bozeman,2017,8,20,121806,training,bozeman_2017_08_20_121806.jpg
bozeman,2017,8,21,121806,training,bozeman_2017_08_21_121806.jpg
bozeman,2017,8,22,121806,training,bozeman_2017_08_22_121806.jpg
bozeman,2017,8,23,121806,training,bozeman_2017_08_23_121806.jpg
bozeman,2017,8,24,121806,training,bozeman_2017_08_24_121806.jpg
bozeman,2017,8,25,121806,training,bozeman_2017_08_25_121806.jpg
bozeman,2017,8,26,121806,training,bozeman_2017_08_26_121806.jpg
bozeman,2017,8,27,121806,training,bozeman_2017_08_27_121806.jpg
bozeman,2017,8,28,121806,training,bozeman_2017_08_28_121806.jpg
bozeman,2017,8,29,121806,training,bozeman_2017_08_29_121806.jpg
bozeman,2017,8,30,121806,training,bozeman_2017_08_30_121806.jpg
bozeman,2017,8,31,121806,training,bozeman_2017_08_31_121806.jpg
bozeman,2017,9,1,121806,training,bozeman_2017_09_01_121806.jpg
bozeman,2017,9,2,121806,training,bozeman_2017_09_02_121806.jpg
bozeman,2017,9,3,121806,training,bozeman_2017_09_03_121806.jpg
bozeman,2017,9,4,121806,training,bozeman_2017_09_04_121806.jpg
bozeman,2017,9,5,121806,training,bozeman_2017_09_05_121806.jpg
bozeman,2017,9,6,121806,training,bozeman_2017_09_06_121806.jpg
bozeman,2017,9,7,121806,training,bozeman_2017_09_07_121806.jpg
bozeman,2017,9,8,121806,training,bozeman_2017_09_08_121806.jpg
bozeman,2017,9,9,121806,training,bozeman_2017_09_09_121806.jpg
bozeman,2017,9,10,121806,training,bozeman_2017_09_10_121806.jpg
bozeman,2017,9,11,121806,training,bozeman_2017_09_11_121806.jpg
bozeman,2017,9,12,121806,training,bozeman_2017_09_12_121806.jpg
bozeman,2017,9,13,121806,training,bozeman_2017_09_13_121806.jpg
bozeman,2017,9,14,121806,training,bozeman_2017_09_14_121806.jpg
bozeman,2017,9,15,121806,training,bozeman_2017_09_15_121806.jpg
bozeman,2017,9,16,121806,training,bozeman_2017_09_16_121806.jpg
bozeman,2017,9,17,121806,training,bozeman_2017_09_17_121806.jpg
bozeman,2017,9,18,121806,training,bozeman_2017_09_18_121806.jpg
bozeman,2017,9,19,121806,training,bozeman_2017_09_19_121806.jpg
bozeman,2017,9,20,121806,training,bozeman_2017_09_20_121806.jpg
bozeman,2017,9,21,121806,training,bozeman_2017_09_21_121806.jpg
bozeman,2017,9,22,121806,training,bozeman_2017_09_22_121806.jpg
bozeman,2017,9,23,121806,training,bozeman_2017_09_23_121806.jpg
bozeman,2017,9,24,121806,training,bozeman_2017_09_24_121806.jpg
bozeman,2017,9,25,121806,training,bozeman_2017_09_25_121806.jpg
bozeman,2017,9,26,121806,training,bozeman_2017_09_26_121806.jpg
bozeman,2017,9,27,121806,training,bozeman_2017_09_27_121806.jpg
bozeman,2017,9,28,121806,training,bozeman_2017_09_28_121806.jpg
bozeman,2017,9,29,121806,training,bozeman_2017_09_29_121806.jpg
bozeman,2017,9,30,121806,training,bozeman_2017_09_30_121806.jpg
bozeman,2017,10,1,121805,training,bozeman_2017_10_01_121805.jpg
bozeman,2017,10,2,121806,training,bozeman_2017_10_02_121806.jpg
bozeman,2017,10,3,121806,training,bozeman_2017_10_03_121806.jpg
bozeman,2017,10,4,121806,training,bozeman_2017_10_04_121806.jpg
bozeman,2017,10,5,121806,training,bozeman_2017_10_05_121806.jpg
bozeman,2017,10,6,121806,training,bozeman_2017_10_06_121806.jpg
bozeman,2017,10,7,111805,training,bozeman_2017_10_07_111805.jpg
bozeman,2018,7,18,114805,test,bozeman_2018_07_18_114805.jpg
bozeman,2018,9,29,121806,test,bozeman_2018_09_29_121806.jpg
bozeman,2018,9,30,121806,test,bozeman_2018_09_30_121806.jpg
bozeman,2018,10,1,121806,test,bozeman_2018_10_01_121806.jpg
bozeman,2018,10,2,121806,test,bozeman_2018_10_02_121806.jpg
bozeman,2018,10,3,121806,test,bozeman_2018_10_03_121806.jpg
bozeman,2018,10,4,121806,test,bozeman_2018_10_04_121806.jpg
bozeman,2018,10,5,121806,test,bozeman_2018_10_05_121806.jpg
bozeman,2018,10,6,121806,test,bozeman_2018_10_06_121806.jpg
bozeman,2018,10,7,121806,test,bozeman_2018_10_07_121806.jpg
bozeman,2018,10,8,121805,test,bozeman_2018_10_08_121805.jpg
bozeman,2018,10,9,121805,test,bozeman_2018_10_09_121805.jpg
bozeman,2018,10,10,121805,test,bozeman_2018_10_10_121805.jpg
bozeman,2018,10,11,121805,test,bozeman_2018_10_11_121805.jpg
bozeman,2018,10,12,121806,test,bozeman_2018_10_12_121806.jpg
bozeman,2018,10,13,121806,test,bozeman_2018_10_13_121806.jpg
bozeman,2018,10,14,121806,test,bozeman_2018_10_14_121806.jpg
bozeman,2018,10,15,121806,test,bozeman_2018_10_15_121806.jpg
bozeman,2018,10,16,121806,test,bozeman_2018_10_16_121806.jpg
bozeman,2018,10,17,121806,test,bozeman_2018_10_17_121806.jpg
bozeman,2018,10,18,121805,test,bozeman_2018_10_18_121805.jpg
bozeman,2018,10,19,121806,test,bozeman_2018_10_19_121806.jpg
bozeman,2018,10,20,121806,test,bozeman_2018_10_20_121806.jpg
bozeman,2018,10,21,121806,test,bozeman_2018_10_21_121806.jpg
bozeman,2018,10,22,121806,test,bozeman_2018_10_22_121806.jpg
bozeman,2018,10,23,121806,test,bozeman_2018_10_23_121806.jpg
bozeman,2018,10,24,121806,test,bozeman_2018_10_24_121806.jpg
bozeman,2018,10,25,121806,test,bozeman_2018_10_25_121806.jpg
bozeman,2018,10,26,121806,test,bozeman_2018_10_26_121806.jpg
bozeman,2018,10,27,121806,test,bozeman_2018_10_27_121806.jpg
bozeman,2018,10,28,121806,test,bozeman_2018_10_28_121806.jpg
bozeman,2018,10,29,121805,test,bozeman_2018_10_29_121805.jpg
bozeman,2018,10,30,121806,test,bozeman_2018_10_30_121806.jpg
bozeman,2018,10,31,121805,test,bozeman_2018_10_31_121805.jpg
bozeman,2018,11,1,121806,test,bozeman_2018_11_01_121806.jpg
bozeman,2018,11,2,121806,test,bozeman_2018_11_02_121806.jpg
bozeman,2018,11,3,121806,test,bozeman_2018_11_03_121806.jpg
bozeman,2018,11,4,121805,test,bozeman_2018_11_04_121805.jpg
bozeman,2018,11,5,121805,test,bozeman_2018_11_05_121805.jpg
bozeman,2018,11,7,121806,test,bozeman_2018_11_07_121806.jpg
bozeman,2018,11,8,121806,test,bozeman_2018_11_08_121806.jpg
bozeman,2018,11,9,121806,test,bozeman_2018_11_09_121806.jpg
bozeman,2018,11,10,121806,test,bozeman_2018_11_10_121806.jpg
bozeman,2018,11,11,121806,test,bozeman_2018_11_11_121806.jpg
bozeman,2018,11,12,121806,test,bozeman_2018_11_12_121806.jpg
bozeman,2018,11,13,121806,test,bozeman_2018_11_13_121806.jpg
bozeman,2018,11,14,121806,test,bozeman_2018_11_14_121806.jpg
bozeman,2018,11,15,121805,test,bozeman_2018_11_15_121805.jpg
bozeman,2018,11,16,121806,test,bozeman_2018_11_16_121806.jpg
bozeman,2018,11,17,121806,test,bozeman_2018_11_17_121806.jpg
bozeman,2018,11,18,121806,test,bozeman_2018_11_18_121806.jpg
bozeman,2018,11,19,121806,test,bozeman_2018_11_19_121806.jpg
bozeman,2018,11,20,121806,test,bozeman_2018_11_20_121806.jpg
bozeman,2018,11,21,121806,test,bozeman_2018_11_21_121806.jpg
bozeman,2018,11,22,121806,test,bozeman_2018_11_22_121806.jpg
bozeman,2018,11,23,121806,test,bozeman_2018_11_23_121806.jpg
bozeman,2018,11,24,121806,test,bozeman_2018_11_24_121806.jpg
bozeman,2018,11,25,121806,test,bozeman_2018_11_25_121806.jpg
bozeman,2018,11,26,121806,test,bozeman_2018_11_26_121806.jpg
bozeman,2018,11,27,121806,test,bozeman_2018_11_27_121806.jpg
bozeman,2018,11,28,121806,test,bozeman_2018_11_28_121806.jpg
bozeman,2018,11,29,121806,test,bozeman_2018_11_29_121806.jpg
bozeman,2018,11,30,121806,test,bozeman_2018_11_30_121806.jpg
bozeman,2018,12,1,121806,test,bozeman_2018_12_01_121806.jpg
bozeman,2018,12,2,121806,test,bozeman_2018_12_02_121806.jpg
bozeman,2018,12,3,121806,test,bozeman_2018_12_03_121806.jpg
bozeman,2018,12,4,121806,test,bozeman_2018_12_04_121806.jpg
bozeman,2018,12,5,121806,test,bozeman_2018_12_05_121806.jpg
bozeman,2018,12,7,121806,test,bozeman_2018_12_07_121806.jpg
bozeman,2018,12,8,121806,test,bozeman_2018_12_08_121806.jpg
bozeman,2018,12,10,121806,test,bozeman_2018_12_10_121806.jpg
bozeman,2018,12,11,121806,test,bozeman_2018_12_11_121806.jpg
bozeman,2018,12,12,121806,test,bozeman_2018_12_12_121806.jpg
bozeman,2018,12,13,121806,test,bozeman_2018_12_13_121806.jpg
bozeman,2018,12,14,121806,test,bozeman_2018_12_14_121806.jpg
bozeman,2018,12,15,121806,test,bozeman_2018_12_15_121806.jpg
bozeman,2018,12,16,121806,test,bozeman_2018_12_16_121806.jpg
bozeman,2018,12,17,121806,test,bozeman_2018_12_17_121806.jpg
bozeman,2018,12,18,121806,test,bozeman_2018_12_18_121806.jpg
bozeman,2018,12,19,121806,test,bozeman_2018_12_19_121806.jpg
bozeman,2018,12,20,121806,test,bozeman_2018_12_20_121806.jpg
bozeman,2018,12,21,121806,test,bozeman_2018_12_21_121806.jpg
bozeman,2018,12,22,121806,test,bozeman_2018_12_22_121806.jpg
bozeman,2018,12,23,121806,test,bozeman_2018_12_23_121806.jpg
bozeman,2018,12,24,121806,test,bozeman_2018_12_24_121806.jpg
bozeman,2018,12,25,121806,test,bozeman_2018_12_25_121806.jpg
bozeman,2018,12,26,121806,test,bozeman_2018_12_26_121806.jpg
bozeman,2018,12,27,121806,test,bozeman_2018_12_27_121806.jpg
bozeman,2018,12,28,121806,test,bozeman_2018_12_28_121806.jpg
bozeman,2018,12,29,121806,test,bozeman_2018_12_29_121806.jpg
bozeman,2018,12,30,121806,test,bozeman_2018_12_30_121806.jpg
bozeman,2018,12,31,121806,test,bozeman_2018_12_31_121806.jpg
